region_id,week_index,education_exposure_index,engagement_quality,configuration_rate,lead_rate,revenue_index,baseline_intent_index,paid_media_index,availability_index,offer_index,launch_phase
R01,1,73.63891,0.614875,0.086402,0.04684,167089.74,1.283626,0.851104,0.778578,0.271947,0
R01,2,81.63566,0.565896,0.090565,0.047623,146781.02,1.508539,0.689218,0.749456,0.463308,0
R01,3,89.06512,0.613634,0.107499,0.053384,175730.78,1.733514,0.997119,0.859163,0.340508,0
R01,4,71.61144,0.555123,0.081697,0.040557,157627.52,1.299016,0.573749,0.691014,0.66003,0
R01,5,80.02739,0.601127,0.097082,0.052297,188833.56,1.628382,0.869394,0.923145,0.542361,0
R01,6,74.21373,0.550832,0.078554,0.04187,145628.69,1.121096,0.588751,0.915351,0.448411,0
R01,7,58.50832,0.513316,0.077716,0.042461,157921.54,0.86857,0.697001,0.842616,0.507077,0
R01,8,84.15163,0.593062,0.089316,0.048293,157789.97,1.163472,1.060592,0.740079,0.471891,1
R01,9,79.68349,0.552433,0.084133,0.048541,178686.45,0.952474,1.031523,0.82976,0.518001,1
R01,10,75.38438,0.557226,0.086999,0.049857,160746.44,1.056573,0.965833,0.825758,0.449411,1
R01,11,83.27958,0.578095,0.078314,0.04297,169682.2,1.014023,0.959641,0.937786,0.493802,1
R01,12,72.68888,0.589792,0.089068,0.043987,145571.07,1.095157,0.940016,0.775822,0.344419,1
R01,13,83.12777,0.572784,0.085176,0.046638,175072.0,0.956933,0.969812,0.851048,0.394903,0
R01,14,85.95774,0.610616,0.087016,0.048873,162435.6,1.248295,1.127989,0.908982,0.27313,0
R01,15,87.88451,0.622193,0.101704,0.052582,178099.35,1.634518,0.865983,0.862897,0.517859,0
R01,16,83.1156,0.578856,0.09458,0.050028,169512.44,1.471083,0.925082,0.7533,0.481766,0
R01,17,86.02883,0.635528,0.09845,0.049088,166675.55,1.671334,0.873242,0.729583,0.366077,0
R01,18,81.22801,0.612715,0.081797,0.045437,180173.85,1.208347,0.802499,0.833567,0.672611,0
R01,19,61.58657,0.523748,0.069533,0.038584,171530.56,1.028302,0.587501,0.67811,0.693971,0
R01,20,67.77653,0.569813,0.075715,0.042834,172638.82,0.981359,0.881031,0.828558,0.620197,0
R01,21,74.14531,0.560075,0.072235,0.043198,126829.34,0.857853,0.82331,0.654658,0.426401,0
R01,22,75.65971,0.604213,0.078189,0.046153,179398.33,0.755698,0.876499,0.852574,0.75417,0
R01,23,80.24038,0.582209,0.073046,0.041538,138571.69,0.917853,1.094911,0.662972,0.719592,0
R01,24,73.21476,0.544308,0.072711,0.041059,206145.95,0.736585,0.925431,0.78948,0.707675,0
R01,25,81.55451,0.552026,0.083249,0.051672,183303.1,1.082919,0.963396,0.817705,0.826907,0
R01,26,66.6653,0.506206,0.07348,0.03866,158003.7,0.851161,0.750952,0.893513,0.677096,0
R02,1,75.48184,0.55553,0.079834,0.040899,152577.52,0.856979,0.818835,0.8062,0.425148,0
R02,2,74.61089,0.619864,0.088739,0.044946,198508.05,1.126481,0.99198,0.701089,0.466002,0
R02,3,75.71245,0.578371,0.082153,0.043043,160886.11,1.115783,0.992268,0.888009,0.393463,0
R02,4,62.87392,0.557247,0.067262,0.037512,172147.23,0.886401,0.502195,0.712123,0.482416,0
R02,5,68.61688,0.487842,0.087813,0.045623,174014.51,0.943482,1.009103,0.820478,0.484525,0
R02,6,68.01886,0.579411,0.075907,0.047935,167947.46,0.699355,0.715322,0.784515,0.278586,0
R02,7,67.524,0.537184,0.072421,0.041785,166803.72,0.445412,0.937737,0.908305,0.451521,0
R02,8,81.00653,0.577243,0.071993,0.042329,171206.04,0.620621,1.034043,0.657112,0.539772,1
R02,9,71.27381,0.522273,0.083647,0.050251,140860.6,0.808891,1.128463,0.774825,0.382798,1
R02,10,70.77728,0.540948,0.071577,0.043762,165450.85,0.50799,1.36699,0.823707,0.209256,1
R02,11,79.21726,0.576844,0.074379,0.042703,150686.26,0.634371,1.203997,0.861129,0.317403,1
R02,12,75.33218,0.570976,0.080451,0.045727,174687.91,0.639479,0.938107,0.82213,0.529852,1
R02,13,63.55988,0.525506,0.072512,0.046449,136849.97,0.63113,0.710835,0.628484,0.347128,0
R02,14,62.51658,0.493639,0.06521,0.03514,168010.79,0.69629,0.735577,0.631255,0.310553,0
R02,15,65.11305,0.545088,0.073329,0.038753,163637.62,0.725236,1.009029,0.774982,0.543342,0
R02,16,65.53972,0.516798,0.079952,0.045645,174368.04,0.887564,0.816745,0.853784,0.623669,0
R02,17,74.49866,0.559005,0.07276,0.040356,150652.58,0.779307,0.968997,0.762333,0.494436,0
R02,18,61.02008,0.515237,0.071029,0.04596,154194.93,0.726116,1.099603,0.88356,0.640177,0
R02,19,68.18196,0.542489,0.072635,0.036327,170230.32,0.588437,0.615957,0.865174,0.87278,0
R02,20,55.89274,0.476493,0.068839,0.035281,178769.68,0.589051,0.815223,0.828604,0.697315,0
R02,21,66.22129,0.547071,0.069453,0.039661,176255.88,0.27291,1.128995,0.832893,0.580201,0
R02,22,72.75505,0.546548,0.076737,0.036158,172724.27,0.540196,0.875754,0.672172,0.848718,0
R02,23,60.80596,0.501814,0.064668,0.035103,176679.52,0.148073,0.870837,0.690419,0.51933,0
R02,24,71.08036,0.566792,0.066359,0.040038,150273.64,0.084725,1.286816,0.724742,0.703761,0
R02,25,71.99423,0.548156,0.073241,0.043983,151445.53,0.48789,1.103632,0.68499,0.589007,0
R02,26,67.67173,0.562136,0.073962,0.039788,176167.59,0.882476,0.986936,0.863981,0.883463,0
R03,1,69.96733,0.548956,0.072358,0.040495,181088.29,0.689815,1.016494,0.74088,0.431912,0
R03,2,73.76801,0.591657,0.080368,0.039872,162829.91,0.55147,1.040963,0.825973,0.49242,0
R03,3,73.80412,0.55913,0.086002,0.049582,173257.29,0.85397,0.781948,0.811825,0.38813,0
R03,4,67.68085,0.565451,0.071586,0.037275,167639.02,0.647615,0.787595,0.797093,0.386089,0
R03,5,67.2497,0.53574,0.071735,0.040569,159819.65,0.723629,0.788557,0.868353,0.420412,0
R03,6,62.36379,0.505484,0.070656,0.04303,163928.4,0.468111,0.772199,0.809366,0.246143,0
R03,7,78.30879,0.542202,0.075598,0.044538,176990.86,0.386882,0.90449,0.766652,0.455483,0
R03,8,76.39461,0.560451,0.078841,0.043691,176412.59,0.363074,1.031607,0.818693,0.580245,1
R03,9,75.98504,0.517208,0.07457,0.045627,169906.02,0.566902,1.093181,0.886089,0.414335,1
R03,10,67.54069,0.557301,0.072729,0.040932,150132.92,0.441406,0.809405,0.81204,0.428952,1
R03,11,72.42894,0.567072,0.074566,0.037562,176488.27,0.518573,0.982328,0.918651,0.745338,1
R03,12,83.53917,0.577774,0.081736,0.044066,182106.42,0.653496,0.77167,0.764526,0.475378,1
R03,13,59.25961,0.552077,0.065181,0.037034,156397.35,0.377079,0.931125,0.785531,0.435408,0
R03,14,56.87281,0.489708,0.071581,0.038489,201904.81,0.463651,0.676817,0.840704,0.35321,0
R03,15,68.24026,0.510187,0.075439,0.042025,162860.91,0.748469,0.67425,0.880835,0.241244,0
R03,16,72.20743,0.546113,0.074301,0.042116,162162.44,0.700228,1.113139,0.773754,0.612659,0
R03,17,78.29569,0.568857,0.071927,0.033661,156850.65,0.749423,0.990351,0.679679,0.450515,0
R03,18,66.94159,0.56703,0.073103,0.039229,204465.12,0.715844,0.842654,0.940872,0.908142,0
R03,19,61.4656,0.50642,0.062356,0.035019,180712.72,0.455173,0.892015,0.786106,0.642074,0
R03,20,63.9082,0.551441,0.070352,0.039984,160264.48,0.501331,0.864743,0.562967,0.645475,0
R03,21,57.44151,0.457074,0.051513,0.031687,152806.65,0.012344,0.622727,0.68142,0.560966,0
R03,22,58.72975,0.495032,0.061357,0.035122,165341.81,0.068797,0.748807,0.724918,0.824371,0
R03,23,71.38372,0.575676,0.078339,0.040682,172617.52,0.355021,1.047886,0.812319,0.49017,0
R03,24,66.97963,0.513998,0.056906,0.029612,156019.1,0.123556,0.972553,0.705305,0.664376,0
R03,25,60.257,0.511995,0.069441,0.036327,167961.97,0.125085,0.769948,0.8846,0.525395,0
R03,26,56.43438,0.49334,0.062483,0.028618,178977.12,0.423499,0.795195,0.813093,0.774149,0
R04,1,73.27645,0.562499,0.079844,0.04019,191229.1,1.062059,1.070869,0.630463,0.449176,0
R04,2,83.94928,0.582226,0.087082,0.048356,170860.69,1.435641,0.871486,0.881038,0.368025,0
R04,3,82.46894,0.58235,0.098193,0.050476,175619.97,1.486355,0.640737,0.686976,0.277557,0
R04,4,79.92715,0.540676,0.093049,0.051374,166305.64,1.227368,1.18019,0.712209,0.372411,0
R04,5,74.90879,0.581463,0.078428,0.036617,150127.57,1.156946,0.821991,0.843582,0.323319,0
R04,6,67.20482,0.596056,0.080683,0.04808,175763.92,1.259689,0.957315,0.839379,0.583938,0
R04,7,66.83509,0.503215,0.076891,0.042183,164393.13,0.698563,0.831262,0.826703,0.361352,0
R04,8,83.5874,0.608928,0.079661,0.042638,185640.96,0.997801,0.896322,0.671666,0.570823,1
R04,9,78.02015,0.546908,0.084222,0.042688,181701.47,1.09543,0.892884,0.762398,0.552052,1
R04,10,79.09288,0.600975,0.080034,0.046308,163272.79,0.79958,1.166809,0.610202,0.42087,1
R04,11,76.18653,0.57465,0.072509,0.043117,123720.8,1.063135,0.565618,0.505232,0.411877,1
R04,12,83.58455,0.585436,0.074002,0.037937,174531.14,0.909723,0.807149,0.635955,0.576777,1
R04,13,72.64736,0.587683,0.085924,0.045769,175025.01,1.238531,0.734827,0.877974,0.363193,0
R04,14,80.15224,0.572846,0.090699,0.0452,150521.38,1.196794,1.066361,0.807655,0.377512,0
R04,15,72.47154,0.570024,0.088076,0.049084,167892.45,1.482171,0.887425,0.691232,0.560566,0
R04,16,87.04333,0.570012,0.083304,0.045969,185451.62,1.2536,1.048629,0.78584,0.535185,0
R04,17,81.50526,0.59876,0.086174,0.045392,161034.48,1.393616,0.948763,0.549948,0.283615,0
R04,18,83.51741,0.576285,0.095751,0.050547,172012.62,1.344866,1.126704,0.847982,0.569094,0
R04,19,73.77329,0.538469,0.083369,0.047155,186801.87,1.077407,0.966841,0.517783,0.822222,0
R04,20,86.87195,0.621309,0.07649,0.042669,185204.19,0.951997,0.783316,0.952958,0.571613,0
R04,21,66.01503,0.547059,0.074384,0.040569,183451.38,0.718447,0.827328,0.799502,0.792653,0
R04,22,75.1225,0.507533,0.08181,0.042393,160047.89,0.823244,1.092247,0.866188,0.883347,0
R04,23,64.66766,0.508847,0.081263,0.045809,179595.92,0.779058,0.904166,0.810818,0.554766,0
R04,24,69.37651,0.533738,0.082099,0.047765,174546.17,0.739144,0.838258,0.836559,0.48177,0
R04,25,73.80216,0.569865,0.086319,0.047896,170900.12,0.916352,0.900758,0.795958,0.732435,0
R04,26,81.40987,0.618325,0.095617,0.048495,189361.91,1.331757,1.000393,0.694289,0.774404,0
R05,1,77.61754,0.603411,0.098125,0.051939,181283.92,1.350285,1.139997,0.761348,0.557273,0
R05,2,82.13301,0.609765,0.094092,0.051265,165945.84,1.445732,0.746657,0.702912,0.395007,0
R05,3,81.99663,0.572687,0.097239,0.052508,165283.84,1.37014,1.049601,0.727066,0.674774,0
R05,4,75.86106,0.589122,0.095642,0.050251,178127.41,1.477588,0.757075,0.876073,0.282463,0
R05,5,73.10511,0.498633,0.091725,0.04705,174390.64,1.253551,0.969332,0.711345,0.398985,0
R05,6,77.74302,0.565141,0.089188,0.047858,163032.05,1.27937,0.983349,0.721917,0.503935,0
R05,7,70.689,0.562807,0.078063,0.042901,165969.14,1.047576,1.061682,0.659009,0.573755,0
R05,8,85.99348,0.614507,0.08669,0.047092,156195.5,1.079287,0.92418,0.899185,0.440265,1
R05,9,83.31882,0.575906,0.077501,0.037858,188353.85,1.086466,1.290566,0.62971,0.632693,1
R05,10,82.6758,0.56254,0.073121,0.038721,163602.52,0.791082,1.18119,0.838416,0.519674,1
R05,11,88.95205,0.553898,0.084551,0.048391,187285.86,1.020465,1.271265,0.665456,0.315974,1
R05,12,84.69913,0.575923,0.088216,0.047755,185369.52,1.141908,1.125464,0.845943,0.415992,1
R05,13,71.04268,0.568475,0.085572,0.043286,178029.26,1.166946,1.221893,0.81056,0.502893,0
R05,14,72.34021,0.557212,0.077971,0.036664,187369.88,1.138645,0.677108,0.858285,0.376521,0
R05,15,73.50319,0.575876,0.094188,0.053925,183012.47,1.235154,0.668833,0.729293,0.407307,0
R05,16,79.83835,0.568576,0.097057,0.054485,161380.23,1.712283,0.691576,0.876831,0.39287,0
R05,17,73.20173,0.549364,0.089263,0.049265,174631.5,1.400314,0.692315,0.816791,0.303244,0
R05,18,72.9704,0.57864,0.089795,0.051338,162457.43,1.195659,0.687628,0.791838,0.659173,0
R05,19,72.41964,0.558987,0.086669,0.046407,156272.39,1.050519,0.755484,0.77465,0.559905,0
R05,20,73.32838,0.608474,0.081077,0.037224,161289.56,1.026466,1.104911,0.707273,0.747343,0
R05,21,65.34311,0.494317,0.076202,0.043187,180533.94,0.795058,0.780135,0.852908,0.589532,0
R05,22,72.25072,0.586031,0.082653,0.047728,192271.46,0.833993,0.882247,0.616351,0.560972,0
R05,23,74.89181,0.510886,0.077871,0.045654,203714.15,0.695077,1.059442,0.791441,0.808314,0
R05,24,62.32422,0.516841,0.077764,0.039984,177250.7,0.660038,0.544847,0.661608,0.60246,0
R05,25,69.97109,0.579854,0.085491,0.04073,197546.34,1.027614,0.620909,0.879168,0.684706,0
R05,26,91.74379,0.615736,0.084096,0.04979,184313.96,1.15457,1.269197,0.829699,0.60985,0
R06,1,82.49742,0.584669,0.082115,0.040171,153939.77,1.355247,0.899849,0.8337,0.381544,0
R06,2,85.18342,0.607512,0.095379,0.04708,168437.03,1.312511,0.994402,0.799474,0.383636,0
R06,3,78.78881,0.591082,0.080811,0.04245,169903.46,1.045356,1.052675,0.757667,0.432475,0
R06,4,90.46145,0.626267,0.088126,0.046467,156725.84,1.409463,1.078615,0.588288,0.136027,0
R06,5,80.95303,0.604854,0.07996,0.046168,136421.04,1.324238,0.919862,0.931718,0.264313,0
R06,6,68.86013,0.565058,0.082372,0.046876,170405.94,1.092475,0.684291,0.710078,0.393346,0
R06,7,73.40869,0.583421,0.083617,0.044181,184246.28,0.870211,0.833501,0.891151,0.419944,0
R06,8,78.81781,0.564001,0.077873,0.041068,163702.14,0.957219,1.108594,0.610555,0.4494,1
R06,9,87.50108,0.582327,0.081092,0.0426,198452.3,0.758819,1.248301,0.70233,0.697997,1
R06,10,72.48986,0.551347,0.068936,0.033511,183582.55,0.83022,0.982602,0.802074,0.291217,1
R06,11,81.77951,0.577305,0.075098,0.04164,154637.5,0.832104,1.00823,0.684512,0.57085,1
R06,12,70.81504,0.495095,0.067414,0.04095,188371.34,0.824412,0.808214,0.535421,0.713979,1
R06,13,74.75835,0.594281,0.074218,0.04284,186263.19,1.032628,0.691435,0.769126,0.5098,0
R06,14,86.32203,0.601804,0.088498,0.041713,172325.67,1.222021,1.074541,0.790221,0.508232,0
R06,15,80.31349,0.581645,0.094101,0.049666,181046.25,1.342652,0.822481,0.899167,0.365644,0
R06,16,79.33897,0.541091,0.087043,0.044922,176370.52,1.389559,0.868622,0.762614,0.236242,0
R06,17,76.19548,0.562636,0.079161,0.040417,151963.68,1.165868,0.825128,0.810439,0.412557,0
R06,18,78.98966,0.598152,0.084184,0.041577,195753.61,1.253234,0.828402,0.830837,0.941162,0
R06,19,73.06391,0.50424,0.083321,0.045826,165771.3,0.869836,0.991695,0.866943,0.647555,0
R06,20,74.25193,0.543007,0.08049,0.048066,162740.19,0.958758,0.743998,0.695639,0.522202,0
R06,21,66.06694,0.560679,0.070022,0.039075,161276.22,0.713064,0.946444,0.688476,0.389198,0
R06,22,60.17849,0.48732,0.067722,0.038691,167112.93,0.529641,0.850581,0.955274,0.630086,0
R06,23,63.28433,0.536181,0.07487,0.045068,157984.51,0.63603,0.772818,0.661687,0.7073,0
R06,24,76.96214,0.543124,0.075052,0.036153,162008.38,0.814626,1.157263,0.836755,0.651526,0
R06,25,70.54344,0.553231,0.078046,0.047002,168205.28,0.725376,0.732925,0.829536,0.570701,0
R06,26,68.98837,0.547887,0.08866,0.047205,191680.53,0.763814,0.84947,0.952312,0.789064,0
R07,1,55.16908,0.490409,0.057897,0.036538,149062.74,0.545938,0.476654,0.78891,0.346739,0
R07,2,75.72777,0.572071,0.070289,0.039818,160159.13,0.595264,1.003371,0.869489,0.338368,0
R07,3,62.69375,0.54928,0.058866,0.032793,167103.45,0.5147,0.858436,0.793301,0.417751,0
R07,4,56.06914,0.485076,0.055073,0.032941,182296.98,0.26638,0.668705,0.752678,0.420754,0
R07,5,65.31561,0.543256,0.066988,0.044351,184178.12,0.337916,0.899554,0.922678,0.586765,0
R07,6,59.50436,0.504745,0.060448,0.031997,186406.86,0.158861,0.946065,0.78055,0.427081,0
R07,7,58.16999,0.4275,0.062723,0.039094,147355.12,-0.092805,1.186288,0.768312,0.423839,0
R07,8,66.39828,0.547121,0.066334,0.038202,169504.12,0.043286,1.076596,0.62595,0.417224,1
R07,9,62.42522,0.513217,0.059896,0.036425,155234.26,0.001435,0.732996,0.73037,0.43265,1
R07,10,53.67376,0.438871,0.057435,0.033418,192494.47,0.110826,0.721906,0.719309,0.513286,1
R07,11,67.20124,0.530109,0.05944,0.034234,165587.05,-0.050696,0.967567,0.910643,0.608117,1
R07,12,63.6093,0.515103,0.060528,0.037787,151813.51,0.163789,0.994153,0.720683,0.306876,1
R07,13,61.2045,0.483754,0.070402,0.032648,142633.35,0.131303,0.93751,0.746911,0.649597,0
R07,14,58.45439,0.455381,0.064647,0.039271,169381.34,0.214388,0.695221,0.6394,0.350973,0
R07,15,74.65014,0.544471,0.074227,0.041272,174234.67,0.493869,1.100727,0.728304,0.0,0
R07,16,58.82282,0.530528,0.057865,0.034601,186340.79,0.193427,0.877892,0.824824,0.744118,0
R07,17,70.55893,0.496532,0.07504,0.040147,161904.55,0.542775,0.590081,0.762814,0.559454,0
R07,18,61.38053,0.527973,0.068296,0.033146,181704.91,0.51516,1.160551,0.630568,0.670598,0
R07,19,58.71576,0.512211,0.068398,0.036254,152280.37,0.182044,0.564714,0.907056,0.544571,0
R07,20,58.92858,0.505665,0.056102,0.03202,154258.38,0.077546,0.837265,0.717736,0.89687,0
R07,21,62.05682,0.507514,0.06538,0.03974,163225.55,-0.00539,1.259163,0.715917,0.659518,0
R07,22,54.30801,0.46924,0.066844,0.038451,195911.12,0.094133,0.997541,0.907072,0.581482,0
R07,23,48.95109,0.498705,0.05559,0.034946,131597.94,-0.229163,1.09032,0.766972,0.686347,0
R07,24,50.71948,0.422334,0.057567,0.036184,162328.02,-0.135737,0.725996,0.725521,0.579265,0
R07,25,61.43939,0.473175,0.058805,0.035605,184110.72,-0.153716,0.855462,0.793157,0.735364,0
R07,26,60.67511,0.540085,0.07123,0.041065,166698.36,0.328637,0.740101,0.794677,0.530471,0
R08,1,64.67116,0.552979,0.075335,0.042313,177806.33,0.725035,0.964712,0.754126,0.492301,0
R08,2,60.43991,0.499915,0.073122,0.038199,177197.83,0.463075,0.874522,0.77523,0.473558,0
R08,3,72.23995,0.530677,0.092961,0.048469,176149.49,0.807475,0.922486,0.831965,0.455135,0
R08,4,58.89815,0.490319,0.072449,0.045952,178556.16,0.436424,0.933091,0.804511,0.264963,0
R08,5,71.8509,0.532164,0.073916,0.037155,176996.62,0.553866,1.272542,0.881137,0.36845,0
R08,6,61.24197,0.511676,0.063931,0.036587,161340.01,0.46768,1.149188,0.555935,0.511012,0
R08,7,61.20555,0.465881,0.065842,0.03589,187627.67,0.307716,1.027335,0.860601,0.60581,0
R08,8,75.80938,0.550033,0.069075,0.039747,167668.84,0.332726,1.065361,0.900164,0.485154,1
R08,9,64.38481,0.477156,0.073671,0.039618,166015.3,0.303237,1.072385,0.851297,0.585333,1
R08,10,77.53258,0.577505,0.068154,0.036942,157550.52,0.452635,0.878893,0.711993,0.358035,1
R08,11,68.374,0.527855,0.060241,0.037112,133766.45,0.330854,0.87448,0.81939,0.32971,1
R08,12,80.5152,0.525999,0.070872,0.032579,155509.81,0.544866,1.027027,0.785113,0.468984,1
R08,13,77.89064,0.55512,0.070764,0.038627,181736.69,0.466164,1.016604,0.742254,0.496586,0
R08,14,61.78627,0.513925,0.068884,0.040112,160161.57,0.549177,0.708234,0.760549,0.565717,0
R08,15,73.23819,0.539128,0.079542,0.040174,164795.12,0.569604,1.170278,0.652552,0.192529,0
R08,16,68.111,0.560129,0.07568,0.045244,174006.54,0.759255,0.889677,0.920449,0.46175,0
R08,17,73.00709,0.559309,0.072125,0.044928,162220.55,0.695177,0.758126,0.820485,0.421867,0
R08,18,57.95044,0.4696,0.075701,0.044744,164067.59,0.494587,0.666331,0.831213,0.632417,0
R08,19,80.48428,0.551572,0.077637,0.040377,195701.39,0.658172,0.900572,0.844937,0.712268,0
R08,20,70.09054,0.532215,0.071039,0.036066,198395.97,0.341159,0.921289,0.870137,0.60982,0
R08,21,53.21602,0.456934,0.054259,0.034079,187939.26,0.16595,0.781433,0.803353,0.603925,0
R08,22,55.21916,0.451164,0.053714,0.027629,198055.52,0.159749,0.608146,0.726303,0.679724,0
R08,23,60.6412,0.46097,0.062054,0.032225,145320.24,0.160572,0.791591,0.577768,0.552067,0
R08,24,62.92007,0.517099,0.065449,0.038569,164205.57,0.220452,1.025162,0.86966,0.355388,0
R08,25,62.23696,0.479079,0.05416,0.029338,160759.56,0.060259,0.962227,0.741745,0.735815,0
R08,26,67.15729,0.589259,0.058238,0.038589,179311.43,0.284257,1.075332,0.912024,0.651039,0
R09,1,73.29737,0.570853,0.079691,0.039517,167299.27,1.169143,0.666982,0.766101,0.346818,0
R09,2,83.01913,0.586697,0.084736,0.049233,151000.8,1.238985,0.905413,0.83717,0.677956,0
R09,3,82.5498,0.554178,0.083915,0.041108,138794.7,1.372101,1.059286,0.723544,0.453011,0
R09,4,79.26204,0.62357,0.091064,0.043834,176002.17,1.359598,0.887552,0.752159,0.408045,0
R09,5,72.42147,0.572599,0.081674,0.045665,205620.54,1.14911,0.681262,0.868236,0.302695,0
R09,6,70.59485,0.522451,0.087441,0.045948,164544.75,1.073657,0.777509,0.880775,0.256645,0
R09,7,70.6145,0.538375,0.074346,0.042542,148531.75,0.86983,0.610715,0.648761,0.281564,0
R09,8,87.22499,0.600795,0.091666,0.053367,156368.09,1.104023,1.050961,0.743334,0.434504,1
R09,9,84.522,0.543182,0.087835,0.042463,155606.45,0.978901,1.142417,0.815548,0.311678,1
R09,10,75.91019,0.533696,0.087305,0.046142,163514.08,1.00776,0.705963,0.739483,0.393021,1
R09,11,81.59233,0.555086,0.080305,0.045813,178940.44,0.987084,1.214812,0.682359,0.232457,1
R09,12,72.38798,0.56448,0.079554,0.047964,168916.66,0.91248,0.652545,0.784437,0.474051,1
R09,13,67.07506,0.556536,0.085363,0.046643,141092.39,0.9601,1.10917,0.637525,0.465801,0
R09,14,85.67077,0.609994,0.092643,0.052101,176890.99,1.295529,0.915475,0.756386,0.280502,0
R09,15,81.36055,0.648623,0.091948,0.048808,172973.53,1.524963,1.155306,0.880725,0.529515,0
R09,16,75.59699,0.633078,0.083935,0.04499,185507.94,1.341844,1.019234,0.899841,0.538876,0
R09,17,68.9236,0.604807,0.10021,0.049148,168761.91,1.41733,0.797114,0.912976,0.2855,0
R09,18,75.40393,0.554249,0.08692,0.045126,179709.36,1.359467,1.028552,0.781332,0.81376,0
R09,19,69.01241,0.550964,0.087735,0.045309,205836.59,1.234052,0.881406,0.85697,0.746143,0
R09,20,77.0989,0.557333,0.082031,0.045261,180250.76,0.866635,1.201248,0.821837,0.559819,0
R09,21,71.71355,0.518541,0.078091,0.042102,167200.12,0.777257,1.305878,0.650613,0.44993,0
R09,22,62.6454,0.516314,0.066888,0.04088,162533.65,0.603911,0.77689,0.710472,0.379482,0
R09,23,64.79583,0.540747,0.088425,0.049261,177347.3,0.726703,0.848191,0.925586,0.766735,0
R09,24,56.77709,0.466335,0.071698,0.042532,150809.5,0.695569,0.726079,0.670585,0.479499,0
R09,25,69.77108,0.564045,0.075045,0.039494,181900.83,0.784503,1.095405,0.878081,0.688055,0
R09,26,80.97914,0.575491,0.095429,0.046482,186938.13,1.091783,1.087103,0.827352,0.853216,0
R10,1,83.23235,0.622894,0.093308,0.04233,161092.05,1.521216,0.900668,0.927624,0.23427,0
R10,2,81.52854,0.58462,0.091812,0.045621,200439.41,1.537399,0.826732,0.772276,0.612604,0
R10,3,84.95381,0.604054,0.097515,0.049177,169124.02,1.694607,1.125441,0.772979,0.213451,0
R10,4,79.85748,0.581518,0.086849,0.045148,159331.93,1.625554,0.752139,0.807773,0.564574,0
R10,5,96.50867,0.662623,0.102679,0.055105,165421.33,1.652352,0.89387,0.671658,0.527298,0
R10,6,74.48726,0.54913,0.091239,0.044668,146391.61,1.294741,0.849731,0.839574,0.382006,0
R10,7,76.2995,0.562722,0.10265,0.055224,175837.35,1.475071,0.648165,0.932375,0.35494,0
R10,8,78.22693,0.62796,0.082969,0.045492,160310.83,1.264288,1.16522,0.655453,0.369238,1
R10,9,77.83128,0.61695,0.081926,0.044044,166589.46,1.049708,1.581225,0.844509,0.549599,1
R10,10,79.60093,0.600361,0.081612,0.037707,145674.14,1.120332,1.287781,0.669357,0.330651,1
R10,11,81.59298,0.583483,0.076,0.045664,156134.28,0.924868,1.215888,0.751422,0.421436,1
R10,12,95.05109,0.626941,0.091058,0.046052,186780.1,1.353624,1.192999,0.884269,0.570124,1
R10,13,75.44714,0.605625,0.083453,0.047213,181027.62,1.285385,0.941191,0.727307,0.226525,0
R10,14,77.49156,0.564577,0.090114,0.047,172728.72,1.410399,0.50219,0.742736,0.596426,0
R10,15,91.64451,0.623176,0.096773,0.047845,182349.45,2.044947,1.121537,0.609151,0.549604,0
R10,16,82.3882,0.606616,0.094424,0.050272,151429.51,1.622934,0.813454,0.799585,0.182884,0
R10,17,83.1167,0.5824,0.102519,0.058114,165713.03,1.742751,0.897561,0.703082,0.439838,0
R10,18,86.49933,0.626099,0.095091,0.047099,178685.4,1.706761,1.033866,0.91759,0.641126,0
R10,19,75.25323,0.594752,0.087445,0.046094,163488.14,1.517675,0.698939,0.720938,0.523505,0
R10,20,66.2292,0.513653,0.083759,0.044132,181462.42,1.079048,0.698044,0.960778,0.685021,0
R10,21,69.7215,0.533219,0.081232,0.043972,189214.94,0.914859,0.676158,0.724021,0.603933,0
R10,22,81.36961,0.598314,0.080206,0.042123,166628.27,0.914321,1.228221,0.758575,0.510397,0
R10,23,64.79166,0.540175,0.080529,0.046141,157612.91,0.882253,0.730445,0.675799,0.489923,0
R10,24,74.00311,0.603571,0.080633,0.043669,184334.2,0.840349,1.230716,0.737369,0.764335,0
R10,25,80.66165,0.600578,0.081668,0.042486,170454.53,1.066013,0.610332,0.884786,0.557563,0
R10,26,75.67864,0.583983,0.090096,0.045182,155926.65,1.149134,0.832621,0.808616,0.761632,0
R11,1,61.10251,0.54567,0.066416,0.038927,190802.48,0.554846,0.960696,0.924335,0.511096,0
R11,2,63.224,0.497005,0.076347,0.044733,167339.16,0.522651,0.936352,0.802629,0.578952,0
R11,3,78.25948,0.590009,0.080433,0.04428,180527.38,0.751982,1.251173,0.879321,0.434008,0
R11,4,62.10602,0.490831,0.071926,0.039284,186937.1,0.702644,0.94131,0.903295,0.520937,0
R11,5,68.5122,0.525776,0.074648,0.040347,174446.78,0.802951,0.783719,0.774357,0.424766,0
R11,6,66.14864,0.539227,0.074839,0.039673,152079.79,0.568891,0.98549,0.816321,0.511957,0
R11,7,56.55302,0.499786,0.059856,0.035463,145145.47,0.083556,0.798166,0.736802,0.29709,0
R11,8,73.80487,0.528433,0.069651,0.035892,170894.17,0.323795,1.051546,0.836175,0.442432,1
R11,9,70.72508,0.530556,0.066789,0.043589,198683.19,0.264256,1.115074,0.771316,0.353036,1
R11,10,79.62173,0.57376,0.071965,0.040854,174813.94,0.418178,1.074308,0.854062,0.436816,1
R11,11,75.35836,0.545522,0.073327,0.04503,158078.13,0.455966,0.99578,0.790163,0.355136,1
R11,12,83.50217,0.562272,0.078984,0.040895,153764.42,0.414815,1.190228,0.7714,0.502806,1
R11,13,59.91139,0.524715,0.066768,0.038861,171574.92,0.335582,0.903429,0.761308,0.372921,0
R11,14,62.77943,0.528108,0.075607,0.041917,175594.6,0.388064,0.994326,0.883965,0.513819,0
R11,15,70.45525,0.524486,0.072958,0.041922,188911.34,0.725645,0.858659,0.85265,0.590713,0
R11,16,67.36682,0.557676,0.08098,0.045993,165513.16,0.732078,0.828144,0.769009,0.460348,0
R11,17,77.02297,0.572325,0.089235,0.050317,182429.62,0.821696,1.08405,0.854297,0.324869,0
R11,18,69.97179,0.490196,0.077431,0.040588,184420.04,0.495345,0.959537,0.868602,0.518188,0
R11,19,72.79542,0.564899,0.069415,0.041008,171145.2,0.709449,0.618012,0.729048,0.777439,0
R11,20,65.4617,0.529947,0.072726,0.037666,176121.68,0.560365,0.867433,0.746537,0.843819,0
R11,21,68.67399,0.492911,0.074001,0.046125,166473.32,0.443164,1.086711,0.696838,0.573495,0
R11,22,55.81271,0.415002,0.053145,0.028392,174595.34,0.076166,0.775187,0.805733,0.754723,0
R11,23,55.92473,0.450799,0.057872,0.037311,176310.19,-0.027633,1.081205,0.832732,0.746669,0
R11,24,66.76594,0.509027,0.075072,0.043539,163024.49,0.275613,0.853425,0.717825,0.697816,0
R11,25,55.09128,0.465449,0.067233,0.036211,183121.52,0.210295,0.886723,0.890626,0.805873,0
R11,26,72.79182,0.509219,0.072189,0.041942,193480.53,0.349828,1.184106,0.858194,0.687302,0
R12,1,80.19652,0.60937,0.097733,0.04667,159755.64,1.577531,0.56139,0.643048,0.382782,0
R12,2,78.93749,0.594171,0.086919,0.046673,166829.6,1.323187,0.919044,0.849429,0.474765,0
R12,3,78.89028,0.566769,0.081626,0.041696,157234.96,1.355113,0.807988,0.63486,0.476532,0
R12,4,82.13417,0.601259,0.096243,0.050252,173896.59,1.450967,0.896237,0.780792,0.38484,0
R12,5,71.97238,0.570234,0.084315,0.044729,178792.72,1.257178,0.915998,0.783636,0.398524,0
R12,6,75.9013,0.592365,0.091096,0.05185,174386.5,1.249471,1.037377,0.844836,0.603873,0
R12,7,84.76786,0.636143,0.087456,0.050384,176576.33,1.123805,1.019536,0.669162,0.52105,0
R12,8,84.84136,0.593191,0.092755,0.046506,203695.17,1.213325,1.103017,0.913417,0.499595,1
R12,9,80.88344,0.59692,0.079489,0.04638,165972.65,0.84702,1.320844,0.651435,0.594236,1
R12,10,79.58067,0.557046,0.084979,0.047174,141786.61,1.181081,0.723261,0.857364,0.427481,1
R12,11,94.13107,0.632073,0.079093,0.045602,172625.97,1.082096,1.377049,0.738319,0.501112,1
R12,12,88.37922,0.646585,0.087137,0.047619,170866.14,1.059047,1.07596,0.664966,0.549214,1
R12,13,73.09147,0.512593,0.08219,0.039801,180293.28,0.960249,1.27686,0.737474,0.613392,0
R12,14,74.90409,0.583836,0.082051,0.04209,165262.16,1.149777,0.977006,0.690391,0.383589,0
R12,15,76.28686,0.571502,0.089409,0.045798,156450.26,1.223871,0.638833,0.769572,0.428709,0
R12,16,77.90261,0.596252,0.087074,0.049889,173373.13,1.35187,1.06004,0.858368,0.466711,0
R12,17,79.58161,0.587753,0.091812,0.048673,187000.51,1.505573,0.709305,0.912167,0.642922,0
R12,18,90.41625,0.597606,0.096546,0.050593,192796.93,1.325505,0.952542,0.743256,0.794298,0
R12,19,75.84019,0.54844,0.08499,0.048945,178170.56,1.129308,0.796604,0.688218,0.421684,0
R12,20,69.42317,0.540268,0.081275,0.04526,170511.41,0.970782,0.888457,0.66277,0.707144,0
R12,21,68.82915,0.514866,0.071148,0.040334,184765.11,0.923862,0.72004,0.67796,0.701522,0
R12,22,62.72428,0.495146,0.072168,0.038133,143211.57,0.540802,0.924442,0.675461,0.812505,0
R12,23,77.14576,0.52375,0.085666,0.042723,202751.9,0.672773,1.06533,0.684838,0.663159,0
R12,24,68.12596,0.576534,0.082951,0.041195,161093.82,0.8022,1.09905,0.966864,0.853929,0
R12,25,74.37242,0.534877,0.078393,0.046941,150881.42,0.864706,0.819919,0.825293,0.480171,0
R12,26,78.97907,0.551525,0.075342,0.042378,194697.55,0.718848,1.11318,0.808412,0.752543,0
R13,1,85.21812,0.63232,0.088046,0.04333,174499.87,1.345619,0.910828,0.632057,0.61965,0
R13,2,87.46411,0.624931,0.103267,0.055393,186203.7,1.622659,1.004532,0.833696,0.403058,0
R13,3,77.40008,0.618019,0.087871,0.049149,175523.51,1.723516,0.839576,0.752929,0.265739,0
R13,4,82.9519,0.625996,0.089889,0.044797,190615.21,1.617844,1.03107,0.735151,0.416413,0
R13,5,88.07406,0.628777,0.093494,0.049276,194140.12,1.32641,1.286864,0.924278,0.402835,0
R13,6,72.32717,0.592475,0.085276,0.040806,158198.14,1.214564,0.988688,0.779986,0.425016,0
R13,7,67.61464,0.516438,0.079716,0.042969,130306.81,0.934656,0.817489,0.782312,0.638513,0
R13,8,85.48933,0.569756,0.086085,0.045611,186071.07,1.059656,1.030826,0.718741,0.402094,1
R13,9,78.64364,0.572372,0.080846,0.044016,150876.78,1.114745,0.611865,0.751535,0.568229,1
R13,10,72.85844,0.57853,0.080468,0.046314,183491.29,1.017614,1.016865,0.738108,0.536596,1
R13,11,85.49516,0.597409,0.088363,0.043373,173232.86,1.006023,1.272553,0.872036,0.30475,1
R13,12,79.89441,0.623363,0.089231,0.044525,183554.17,1.290484,0.920358,0.878281,0.420809,1
R13,13,78.64641,0.568139,0.087552,0.048994,161147.76,1.072656,1.184275,0.76951,0.685649,0
R13,14,72.66109,0.566131,0.082857,0.041396,152331.63,1.213298,0.941283,0.702905,0.504828,0
R13,15,77.98355,0.525117,0.08676,0.046458,169469.66,1.367711,0.636897,0.656195,0.538077,0
R13,16,86.98442,0.608038,0.090968,0.059199,190468.72,1.42368,0.855651,0.830853,0.198933,0
R13,17,80.02395,0.60213,0.089219,0.047512,158394.32,1.500068,1.01828,0.777197,0.369155,0
R13,18,76.03481,0.567261,0.087565,0.042639,176124.74,1.379446,0.875973,0.774243,0.484996,0
R13,19,87.04437,0.585471,0.090466,0.052261,183452.7,1.330253,0.944028,0.705449,0.49821,0
R13,20,77.48802,0.603349,0.077483,0.042847,164372.7,0.924264,1.342691,0.73423,0.557134,0
R13,21,64.74949,0.514513,0.070501,0.038222,181000.32,0.703748,0.744464,0.714921,0.561936,0
R13,22,75.5683,0.51312,0.075039,0.043203,173240.56,0.676029,0.724462,0.782024,0.746087,0
R13,23,65.42216,0.575031,0.079279,0.044453,197119.3,0.694488,0.851515,0.897014,0.768231,0
R13,24,76.54228,0.551541,0.087897,0.046311,214335.34,0.992393,0.832331,0.73359,0.621085,0
R13,25,64.74403,0.504098,0.082098,0.039618,184145.76,0.94464,0.825943,0.854237,0.391982,0
R13,26,80.05365,0.589198,0.088644,0.040241,146153.96,1.08353,1.03395,0.709059,0.694484,0
R14,1,69.0773,0.603389,0.088889,0.046021,190313.75,1.221526,1.006138,0.769579,0.317345,0
R14,2,75.26359,0.54603,0.08215,0.043335,162986.74,0.89781,0.979205,0.747423,0.475968,0
R14,3,66.94879,0.503515,0.093772,0.046769,151066.72,1.281301,0.949084,0.888274,0.447709,0
R14,4,77.58927,0.568322,0.086171,0.050354,155688.66,1.364602,0.757879,0.706206,0.631023,0
R14,5,66.83592,0.571654,0.079432,0.042408,165818.73,1.232191,0.610877,0.653097,0.40754,0
R14,6,68.64059,0.519212,0.078765,0.043435,162915.66,0.900589,0.889993,0.578711,0.741595,0
R14,7,68.6398,0.520377,0.075408,0.04601,148156.5,0.835059,0.745513,0.935587,0.380244,0
R14,8,81.06321,0.59801,0.07542,0.044846,182638.07,0.965333,1.029999,0.666507,0.5886,1
R14,9,66.95671,0.556916,0.078085,0.038105,199679.2,0.725932,1.193354,0.647976,0.620103,1
R14,10,69.78504,0.537518,0.079164,0.044504,195108.79,0.861356,1.192659,0.847361,0.476421,1
R14,11,80.31439,0.579556,0.072591,0.03769,161802.33,0.723089,0.965482,0.809986,0.321033,1
R14,12,73.5454,0.552357,0.08279,0.04257,181417.15,0.76555,0.855124,0.740222,0.310144,1
R14,13,68.80295,0.540756,0.072649,0.04336,138634.18,0.778856,0.505587,0.790858,0.22541,0
R14,14,79.33343,0.558681,0.088798,0.04747,165536.93,0.980199,0.874894,0.881505,0.361581,0
R14,15,83.07896,0.578649,0.081451,0.041756,159229.46,0.851205,0.744943,0.845957,0.64634,0
R14,16,76.35554,0.556133,0.086132,0.050145,170837.11,1.100153,1.016909,0.634761,0.48584,0
R14,17,70.5801,0.557069,0.073179,0.040743,163192.96,0.867831,0.718913,0.782132,0.286868,0
R14,18,80.74029,0.59722,0.088811,0.043089,153874.12,1.162581,0.748314,0.70479,0.626899,0
R14,19,79.07814,0.599812,0.08024,0.045106,196880.29,0.975907,1.019616,0.673642,0.551876,0
R14,20,75.65016,0.570887,0.080519,0.038723,136426.64,0.628024,0.967042,0.872936,0.507465,0
R14,21,71.64773,0.554911,0.08119,0.041371,167165.61,0.548082,0.905544,0.735692,0.599948,0
R14,22,70.6249,0.529106,0.072199,0.034069,156104.85,0.661428,0.875787,0.732303,0.972822,0
R14,23,59.22657,0.513492,0.077782,0.038824,164056.18,0.619789,1.167717,0.730465,0.673362,0
R14,24,67.98302,0.55552,0.068803,0.042288,175077.13,0.516543,0.614936,0.592413,0.630266,0
R14,25,80.69304,0.563577,0.076742,0.043337,178122.14,0.948574,1.209461,0.906216,0.557504,0
R14,26,62.42364,0.518529,0.078794,0.04172,176582.44,0.977817,0.693647,0.808515,0.910209,0
R15,1,62.73328,0.487107,0.066483,0.03659,167394.35,0.617018,0.840287,0.860626,0.363079,0
R15,2,79.2927,0.604104,0.073471,0.045143,159496.39,0.65822,0.866042,0.97434,0.527283,0
R15,3,72.22835,0.557429,0.075978,0.042733,175638.35,0.74981,0.89526,0.820269,0.523946,0
R15,4,75.55851,0.580115,0.086791,0.053501,148639.01,0.78528,0.932969,0.718516,0.308164,0
R15,5,68.91733,0.501423,0.070053,0.037415,154465.87,0.588643,0.680628,0.687686,0.507301,0
R15,6,70.94787,0.538644,0.071061,0.039145,154552.79,0.422285,1.075209,0.823393,0.31356,0
R15,7,71.66392,0.541517,0.072727,0.038789,160718.78,0.487297,1.419088,0.823252,0.367079,0
R15,8,66.93907,0.513633,0.08209,0.046944,186785.76,0.624163,0.735371,0.933528,0.71541,1
R15,9,64.36038,0.463888,0.074666,0.04011,150694.56,0.383365,0.851991,0.675885,0.600639,1
R15,10,66.14947,0.462643,0.062219,0.032724,158337.07,0.184294,1.040567,0.65092,0.510313,1
R15,11,72.23383,0.52065,0.080412,0.043777,147767.42,0.568794,1.221198,0.848919,0.490314,1
R15,12,65.65098,0.539408,0.073989,0.046645,148649.75,0.524249,0.723297,0.749641,0.6759,1
R15,13,77.37459,0.568903,0.081507,0.042901,156293.92,0.77014,1.260069,0.780886,0.519688,0
R15,14,57.1625,0.543833,0.066089,0.030594,155535.42,0.392424,0.627029,0.652963,0.355491,0
R15,15,68.49037,0.547713,0.073801,0.040812,165911.37,0.565054,0.927036,0.819294,0.525076,0
R15,16,63.57824,0.470654,0.077401,0.046073,160970.61,0.712371,0.807916,0.811939,0.432788,0
R15,17,69.31486,0.490474,0.076788,0.043124,169376.42,0.66657,1.188259,0.888866,0.443191,0
R15,18,62.87729,0.55589,0.072396,0.042009,164891.26,0.728661,1.13091,0.686918,0.409508,0
R15,19,64.44052,0.538349,0.070578,0.050333,178324.66,0.534847,0.900432,0.694074,0.460029,0
R15,20,65.74177,0.520823,0.069891,0.040046,177830.56,0.732797,0.595298,0.808879,0.623855,0
R15,21,64.17311,0.493057,0.071899,0.045032,159337.57,0.411501,1.025132,0.734723,0.528813,0
R15,22,54.95508,0.456289,0.065977,0.037835,189198.25,0.241995,0.955482,0.806227,0.354699,0
R15,23,51.53343,0.50067,0.061063,0.035854,161444.75,-0.000367,0.765993,0.854997,0.417984,0
R15,24,66.55241,0.54603,0.072913,0.038245,165308.02,0.375363,0.82432,0.799236,0.597729,0
R15,25,59.42306,0.506117,0.06297,0.035085,166169.0,0.076003,0.795483,0.859461,0.876948,0
R15,26,46.50698,0.443796,0.068009,0.039233,189045.53,0.089654,0.931774,0.893257,0.723268,0
R16,1,67.23681,0.564471,0.077038,0.042671,167620.93,0.759366,0.971021,0.781259,0.260604,0
R16,2,61.17117,0.49497,0.065233,0.036185,173190.53,0.664518,0.968914,0.782204,0.369187,0
R16,3,77.79659,0.544057,0.085417,0.044634,151920.88,0.998036,0.956668,0.803023,0.507166,0
R16,4,80.51143,0.591089,0.070608,0.038959,177755.77,0.864828,1.118595,0.826308,0.220668,0
R16,5,73.86172,0.574365,0.085945,0.045924,147308.25,1.008704,0.849185,0.75604,0.438881,0
R16,6,72.39416,0.524208,0.080553,0.042427,170241.28,0.77784,1.011332,0.921501,0.410686,0
R16,7,68.19016,0.509562,0.061494,0.036014,139632.26,0.521495,0.820544,0.559099,0.335871,0
R16,8,70.37862,0.531886,0.067047,0.041462,183112.62,0.639359,0.962698,0.822584,0.561299,1
R16,9,79.14815,0.585957,0.06788,0.040324,144842.3,0.463365,1.049528,0.8253,0.277525,1
R16,10,78.93153,0.553982,0.083406,0.051517,168803.23,0.607813,0.928631,0.749793,0.513745,1
R16,11,75.23207,0.536251,0.071995,0.037561,155651.62,0.559149,0.775256,0.67451,0.491426,1
R16,12,66.43185,0.49567,0.075833,0.042117,181623.24,0.770299,0.730514,0.919535,0.542909,1
R16,13,74.19401,0.581664,0.081305,0.042821,182611.78,0.73762,0.721715,0.772719,0.376955,0
R16,14,73.04502,0.56576,0.081632,0.039282,155951.5,0.876397,0.789247,0.736169,0.389201,0
R16,15,71.22084,0.533371,0.072568,0.040946,153512.73,0.590258,0.912974,0.810081,0.267174,0
R16,16,67.62051,0.571931,0.075239,0.038382,147549.48,1.176622,0.654832,0.756611,0.365983,0
R16,17,70.00786,0.555474,0.079339,0.038579,167687.71,0.910773,0.961161,0.890834,0.53271,0
R16,18,76.63521,0.592669,0.072299,0.034236,158203.35,0.907299,0.81767,0.75439,0.511235,0
R16,19,70.89954,0.516612,0.077477,0.043093,168857.92,0.820355,1.324512,0.771655,0.788078,0
R16,20,66.95362,0.536605,0.069887,0.038478,209795.09,0.585546,0.868879,0.874747,0.712627,0
R16,21,62.21699,0.560489,0.07727,0.045699,168021.88,0.421392,1.082626,0.853912,0.523465,0
R16,22,61.70357,0.506485,0.061171,0.032266,186024.3,0.286303,0.961306,0.70781,0.579779,0
R16,23,66.24352,0.598609,0.060264,0.032435,194262.86,0.377474,0.782,0.781035,0.647904,0
R16,24,64.974,0.491904,0.059111,0.031132,211830.7,0.46255,0.595647,0.577109,0.777788,0
R16,25,63.66264,0.504893,0.064717,0.039803,178959.79,0.49162,1.097502,0.716501,0.940722,0
R16,26,71.3793,0.561332,0.069565,0.03709,182072.35,0.452611,1.060245,0.729355,0.789892,0
R17,1,69.38476,0.541801,0.080095,0.043525,177269.33,1.107723,0.667794,0.75248,0.365764,0
R17,2,74.38546,0.607478,0.078574,0.042924,173196.74,1.198313,0.870253,0.767537,0.399698,0
R17,3,76.6256,0.568693,0.077474,0.041589,186021.04,0.923757,0.879309,0.911106,0.484437,0
R17,4,82.22196,0.60595,0.084486,0.043107,178699.6,1.081031,1.143112,0.907105,0.511325,0
R17,5,71.74009,0.567736,0.079118,0.042294,176673.17,1.037326,0.883177,0.751292,0.305358,0
R17,6,73.07288,0.548874,0.081194,0.040978,177350.44,0.654336,1.192493,0.761953,0.45089,0
R17,7,75.03045,0.52124,0.084007,0.052263,174301.93,0.634411,1.239023,0.839434,0.534971,0
R17,8,65.25438,0.542424,0.07346,0.046561,138976.74,0.558992,1.110713,0.79902,0.347722,1
R17,9,73.65649,0.563081,0.066863,0.034719,142511.08,0.692668,0.980704,0.798316,0.374671,1
R17,10,79.39375,0.554267,0.078267,0.044769,163305.71,0.690854,1.001527,0.811677,0.365882,1
R17,11,68.80398,0.541082,0.078729,0.041163,164293.14,0.539908,0.845977,0.840082,0.766068,1
R17,12,80.8493,0.554113,0.090499,0.043799,177286.57,1.170905,1.339504,0.770816,0.479121,1
R17,13,72.66536,0.583846,0.078919,0.042476,182719.03,0.83989,1.04571,0.815815,0.649312,0
R17,14,67.23919,0.527448,0.077644,0.044081,147878.71,0.960761,0.626732,0.759036,0.39569,0
R17,15,79.80724,0.630192,0.085408,0.046578,148356.61,1.196595,0.806008,0.797877,0.288014,0
R17,16,83.57503,0.616788,0.096123,0.051737,165510.81,1.098617,1.285129,0.876785,0.439653,0
R17,17,75.23858,0.595352,0.081312,0.041729,164853.19,1.018778,0.631578,0.746354,0.48017,0
R17,18,67.23538,0.54964,0.073395,0.039684,210031.31,0.734253,0.872355,0.814727,0.611255,0
R17,19,63.86687,0.535424,0.070599,0.039957,143569.44,0.718844,0.844187,0.538474,0.569417,0
R17,20,61.56417,0.519272,0.0718,0.034344,167396.96,0.502832,0.793469,0.573833,0.888776,0
R17,21,66.37393,0.508177,0.067443,0.04359,141296.3,0.403509,0.977383,0.746019,0.582909,0
R17,22,61.41729,0.50937,0.060412,0.034294,187626.87,0.350836,0.824678,0.763923,0.716042,0
R17,23,65.4405,0.50339,0.073702,0.045773,195660.66,0.440038,1.093439,0.846673,0.787144,0
R17,24,73.47549,0.541739,0.072548,0.041174,182559.33,0.598505,0.86484,0.781049,0.743355,0
R17,25,50.03233,0.462108,0.071999,0.038853,163021.79,0.378624,0.777268,0.672174,0.663832,0
R17,26,63.96333,0.481639,0.073614,0.040579,190720.31,0.762378,0.823899,0.80686,0.489611,0
R18,1,87.5977,0.651906,0.086426,0.045846,215366.65,1.430233,0.619751,0.779181,0.45665,0
R18,2,78.58295,0.611671,0.087017,0.049131,141572.88,1.387931,1.192583,0.753438,0.356262,0
R18,3,79.8369,0.567297,0.092854,0.048583,196707.92,1.258997,1.067918,0.816526,0.654889,0
R18,4,90.39544,0.605568,0.08959,0.049871,170352.65,1.470025,1.203166,0.820661,0.538727,0
R18,5,77.08844,0.517569,0.085478,0.048201,166136.42,1.200754,0.719682,0.783659,0.365689,0
R18,6,78.62791,0.60263,0.090462,0.04571,168050.76,1.241427,0.919232,0.697641,0.471283,0
R18,7,72.92311,0.577161,0.077974,0.039288,204367.35,0.933266,0.989644,0.764121,0.46663,0
R18,8,77.06769,0.57865,0.08308,0.042887,169939.36,0.758378,1.360505,0.856988,0.3244,1
R18,9,79.98036,0.551092,0.087768,0.050891,187835.24,1.155297,1.23978,0.807535,0.457965,1
R18,10,77.6742,0.578368,0.076215,0.039973,171943.09,0.835864,1.11454,0.751365,0.314901,1
R18,11,77.40267,0.606488,0.081055,0.039228,162412.61,0.921603,0.994944,0.63486,0.442652,1
R18,12,90.35467,0.569635,0.082861,0.042882,176171.33,1.219607,1.087331,0.818517,0.323801,1
R18,13,66.1767,0.556934,0.080901,0.046015,167192.96,0.965963,0.851485,0.831952,0.542222,0
R18,14,77.65073,0.535103,0.080471,0.042699,157008.37,1.190608,0.752638,0.772894,0.421075,0
R18,15,75.85092,0.601794,0.093183,0.048272,168659.15,1.519122,1.026104,0.852908,0.669114,0
R18,16,70.12006,0.58998,0.086791,0.04666,154027.85,1.314511,0.974322,0.837865,0.395404,0
R18,17,79.69312,0.596895,0.089629,0.044747,164087.26,1.353364,0.709564,0.725767,0.325616,0
R18,18,66.75863,0.524789,0.085683,0.043858,155453.7,1.281417,0.890794,0.787322,0.596778,0
R18,19,70.68196,0.57834,0.085971,0.044705,148853.87,1.052137,0.808346,0.606579,0.590765,0
R18,20,68.10933,0.594206,0.075921,0.046617,178349.23,0.8747,1.0087,0.849145,0.391755,0
R18,21,71.33326,0.542245,0.075158,0.043082,140939.5,0.895032,1.137989,0.744009,0.713439,0
R18,22,71.00719,0.545021,0.077832,0.045639,165859.6,0.622408,0.76498,0.803089,0.682879,0
R18,23,77.97522,0.62572,0.07675,0.041983,163572.75,0.864809,0.990293,0.615044,0.504856,0
R18,24,68.64095,0.566156,0.078271,0.042444,169773.35,0.825332,0.708664,0.823991,0.620616,0
R18,25,72.0603,0.559992,0.078725,0.039138,172047.76,0.724278,0.846031,0.72217,0.682296,0
R18,26,72.67685,0.553118,0.076951,0.036916,160565.52,0.943424,0.721203,0.863964,0.544737,0
R19,1,74.38146,0.570392,0.08854,0.051884,154776.97,1.054073,0.999056,0.788009,0.371738,0
R19,2,74.56523,0.533377,0.091735,0.045076,175394.97,1.322325,0.762503,0.883026,0.500861,0
R19,3,75.38117,0.5994,0.086755,0.046446,152044.79,1.469528,0.750464,0.859812,0.467776,0
R19,4,81.0555,0.635611,0.092458,0.048482,174806.64,1.439801,1.144469,0.877001,0.392338,0
R19,5,80.43659,0.55833,0.081675,0.040545,163528.53,1.39517,0.820707,0.764923,0.418437,0
R19,6,83.45677,0.582349,0.081445,0.044528,206357.13,1.338358,0.894735,0.698717,0.437503,0
R19,7,73.77774,0.546452,0.075851,0.041106,173263.96,1.114662,1.048988,0.738142,0.388313,0
R19,8,96.31836,0.634459,0.089245,0.040293,173999.32,1.24635,1.09332,0.681841,0.305932,1
R19,9,79.32077,0.612201,0.083277,0.045391,189744.69,0.878094,1.133354,0.931107,0.460349,1
R19,10,85.44917,0.598322,0.081881,0.048534,175293.45,1.083992,1.149834,0.814032,0.391304,1
R19,11,79.44713,0.631494,0.086777,0.045192,192313.75,1.01803,0.901794,0.794408,0.410074,1
R19,12,88.31647,0.57655,0.086126,0.051904,177849.91,1.141781,1.119177,0.582969,0.389357,1
R19,13,78.10609,0.594857,0.085623,0.050615,173044.73,1.179482,1.052979,0.664669,0.564046,0
R19,14,89.11895,0.609977,0.090882,0.047579,157322.73,1.380236,0.813766,0.839055,0.146118,0
R19,15,72.11981,0.521756,0.081378,0.043895,195975.2,1.195964,0.902648,0.930162,0.325422,0
R19,16,85.43805,0.624896,0.088677,0.048797,177598.59,1.585385,1.108739,0.815742,0.340242,0
R19,17,82.93351,0.61552,0.092748,0.053043,163652.62,1.449703,1.086548,0.822819,0.568792,0
R19,18,79.75864,0.559876,0.093406,0.049936,159317.06,1.446609,0.897094,0.719365,0.588117,0
R19,19,84.90178,0.62338,0.086304,0.0424,184926.49,1.186696,1.255041,0.731544,0.688651,0
R19,20,83.50318,0.610227,0.086211,0.043767,149646.67,1.23775,0.783698,0.629778,0.370646,0
R19,21,66.24521,0.570658,0.083918,0.042293,194630.26,0.978558,0.939369,0.890504,0.740777,0
R19,22,72.13089,0.592507,0.079989,0.041787,172523.71,0.790346,1.261853,0.945406,0.487017,0
R19,23,62.75488,0.543804,0.075888,0.042587,185795.1,0.801198,0.92797,0.69485,0.468493,0
R19,24,79.08733,0.58403,0.087892,0.051288,166116.33,1.039986,0.977198,0.659245,0.527604,0
R19,25,74.25903,0.534071,0.081291,0.037748,183420.1,0.5455,0.967683,0.755086,0.412756,0
R19,26,79.17545,0.554666,0.076,0.042101,182625.34,1.000463,1.392921,0.711911,0.658048,0
R20,1,63.57957,0.535684,0.079185,0.038503,173996.6,0.786553,0.760872,0.903172,0.26625,0
R20,2,71.5426,0.546627,0.082321,0.040914,196859.11,1.161826,0.796275,0.789403,0.438615,0
R20,3,72.37439,0.526248,0.080862,0.044288,145424.57,0.893541,0.872594,0.855381,0.240139,0
R20,4,76.85766,0.587271,0.089559,0.049182,183396.34,0.942252,1.075024,0.750391,0.54479,0
R20,5,61.79391,0.544403,0.073806,0.043078,184668.16,0.897857,0.734443,0.722211,0.622223,0
R20,6,64.9292,0.525644,0.070105,0.035934,183712.68,0.608967,0.865329,0.833548,0.298089,0
R20,7,60.36406,0.536489,0.062541,0.033604,159978.09,0.428039,0.919951,0.658978,0.764143,0
R20,8,72.83615,0.544283,0.066076,0.039527,177845.93,0.29369,1.184836,0.737449,0.433018,1
R20,9,77.68973,0.550209,0.077117,0.039204,182277.41,0.759557,1.257338,0.634484,0.530091,1
R20,10,73.65697,0.515509,0.07461,0.037771,167978.8,0.422253,1.163552,0.950625,0.407164,1
R20,11,69.98981,0.500497,0.068712,0.038233,178716.08,0.355286,1.195616,0.783655,0.543004,1
R20,12,74.0539,0.53918,0.065166,0.03949,167653.79,0.523846,0.972619,0.741274,0.419782,1
R20,13,58.22628,0.50827,0.07704,0.041301,168936.83,0.712021,1.159459,0.831156,0.317181,0
R20,14,65.33724,0.511479,0.072608,0.043761,159564.59,0.675312,0.619698,0.754656,0.496853,0
R20,15,81.86618,0.60001,0.080984,0.042058,152979.12,0.946042,1.122589,0.796046,0.441537,0
R20,16,79.55044,0.604171,0.087934,0.042348,184138.4,0.981833,1.243977,0.737874,0.349555,0
R20,17,68.11184,0.538192,0.075069,0.041779,184300.88,0.930191,0.703734,0.883135,0.409099,0
R20,18,73.5698,0.569947,0.079398,0.04166,176321.2,0.81854,0.898819,0.648076,0.721543,0
R20,19,75.50432,0.58845,0.074398,0.050289,162879.24,0.524567,0.990201,0.868376,0.61787,0
R20,20,74.04033,0.554707,0.076175,0.041066,193501.29,0.587441,0.617601,0.841523,0.676781,0
R20,21,62.64062,0.510136,0.074295,0.040195,189430.44,0.124256,0.901939,0.831589,0.739184,0
R20,22,60.01549,0.492909,0.07538,0.034983,149345.22,0.46086,0.94833,0.662886,0.567378,0
R20,23,52.11057,0.426819,0.056296,0.039036,175110.47,0.093824,0.853919,0.882644,0.355104,0
R20,24,54.09718,0.465118,0.056491,0.028867,153719.34,0.183478,0.943048,0.787666,0.404098,0
R20,25,65.78049,0.566807,0.077404,0.04801,181387.93,0.493748,1.05272,0.858675,0.67632,0
R20,26,61.25526,0.501552,0.064593,0.03991,167533.97,0.411477,0.948736,0.644553,0.733787,0
R21,1,78.496,0.577838,0.087279,0.051989,192864.01,0.949855,0.700367,0.902738,0.371932,0
R21,2,75.95892,0.608881,0.086911,0.049126,166219.84,1.044272,0.978205,0.807174,0.568095,0
R21,3,82.84858,0.561063,0.089374,0.052579,163992.91,1.329305,0.836687,0.579141,0.597486,0
R21,4,77.86698,0.550439,0.08886,0.046284,181613.43,1.184324,1.005113,0.771145,0.487481,0
R21,5,66.23677,0.511092,0.08669,0.046704,177551.53,1.14603,0.977783,0.812323,0.419905,0
R21,6,72.39668,0.509657,0.084749,0.049401,183830.13,0.950159,1.177272,0.84674,0.288586,0
R21,7,74.13475,0.551195,0.079524,0.04523,184320.95,0.791013,1.276304,0.729056,0.422133,0
R21,8,73.0621,0.583052,0.079733,0.049035,192941.88,0.817066,0.985421,0.785928,0.62885,1
R21,9,83.40577,0.579445,0.07999,0.040231,171015.09,0.775815,0.89246,0.845637,0.497279,1
R21,10,62.53106,0.538816,0.070021,0.041724,155504.85,0.631559,1.125691,0.776334,0.314624,1
R21,11,84.29663,0.573145,0.084804,0.045899,147844.73,1.057345,0.920135,0.929523,0.455869,1
R21,12,79.6764,0.618513,0.076024,0.04282,191286.23,0.817771,0.855636,0.932878,0.603142,1
R21,13,72.53235,0.57917,0.076585,0.038141,179580.24,0.619399,0.886049,0.849342,0.561395,0
R21,14,82.0759,0.57873,0.085867,0.046622,159245.39,1.1287,0.813339,0.873678,0.484601,0
R21,15,84.25909,0.543008,0.088556,0.050942,182319.28,1.236616,0.740359,0.750711,0.64465,0
R21,16,79.08599,0.529023,0.089927,0.046222,193939.33,1.491399,0.589179,0.82519,0.491107,0
R21,17,84.38017,0.595793,0.087344,0.048503,183432.96,1.065788,0.860031,0.738341,0.417147,0
R21,18,72.64298,0.551497,0.076184,0.042223,206221.93,1.007328,0.735954,0.841721,0.867537,0
R21,19,69.20893,0.523196,0.082848,0.041789,163156.37,0.855444,0.724507,0.745883,0.731329,0
R21,20,72.54278,0.6146,0.08417,0.04701,168588.85,0.715805,0.807316,0.901549,0.855444,0
R21,21,69.95996,0.50788,0.072879,0.043317,199835.34,0.687256,0.703161,0.764269,0.716716,0
R21,22,68.05844,0.515762,0.074817,0.041834,154886.03,0.636133,0.792038,0.788769,0.787732,0
R21,23,58.70523,0.509784,0.062563,0.037127,182855.61,0.357039,0.50828,0.740181,0.469842,0
R21,24,73.39565,0.515429,0.074812,0.042515,168772.84,0.559726,0.969516,0.809079,0.541463,0
R21,25,72.38382,0.529704,0.080947,0.046931,171885.47,0.940534,0.991738,0.609495,0.487261,0
R21,26,68.95127,0.529304,0.08665,0.046253,187192.28,0.841917,1.125958,0.863663,0.765373,0
R22,1,63.43075,0.499028,0.081166,0.049104,168888.91,0.734079,0.869341,0.90975,0.516029,0
R22,2,72.1062,0.612516,0.079787,0.041882,184046.8,1.033892,0.90837,0.830363,0.439353,0
R22,3,81.54424,0.585534,0.090592,0.04805,185491.19,1.105427,1.019916,0.82245,0.400053,0
R22,4,87.05069,0.626477,0.094022,0.049497,161586.75,1.370808,0.809617,0.851377,0.480085,0
R22,5,76.21107,0.533103,0.074739,0.046182,152472.79,0.916887,0.994077,0.732786,0.207791,0
R22,6,66.77507,0.51962,0.073769,0.044388,181193.53,0.877684,0.727445,0.859592,0.527694,0
R22,7,74.23722,0.505662,0.078192,0.044194,190503.55,0.662866,0.974923,1.0,0.472247,0
R22,8,83.12724,0.549964,0.082176,0.042678,167841.27,0.871105,1.086033,0.851139,0.302895,1
R22,9,73.40038,0.543232,0.074568,0.044089,174318.97,0.775789,0.999373,0.648387,0.413194,1
R22,10,74.21574,0.53032,0.074363,0.043806,162601.22,0.682655,0.84127,0.766381,0.467879,1
R22,11,79.73369,0.583312,0.079262,0.041399,189901.08,0.996645,1.087557,0.837804,0.522982,1
R22,12,75.1404,0.550434,0.079259,0.040699,182449.81,0.955538,0.907966,1.0,0.477463,1
R22,13,74.21011,0.538417,0.085058,0.049574,174045.47,0.81244,0.760059,1.0,0.503994,0
R22,14,78.9048,0.558171,0.085575,0.049718,172015.47,1.050526,0.885133,0.570044,0.602747,0
R22,15,73.5613,0.555975,0.087102,0.048781,167064.6,1.171455,0.934454,0.909358,0.406922,0
R22,16,76.60781,0.573841,0.08192,0.047131,158800.06,1.151094,0.894224,0.702047,0.375793,0
R22,17,66.43694,0.51688,0.078782,0.046299,198466.75,1.050461,0.79472,0.85871,0.37333,0
R22,18,85.03937,0.547513,0.077141,0.03917,181761.77,0.815543,1.381097,0.819976,0.470055,0
R22,19,74.72538,0.562051,0.069609,0.038669,176949.8,0.858254,0.919102,0.606753,0.582792,0
R22,20,71.05861,0.53563,0.067926,0.040766,182805.42,0.650743,0.895911,0.767178,0.650117,0
R22,21,68.74015,0.578225,0.071674,0.040817,174712.78,0.566506,0.620567,0.74611,0.669082,0
R22,22,57.45329,0.489311,0.073862,0.037273,149335.7,0.433886,0.792292,0.81201,0.531596,0
R22,23,65.80398,0.536767,0.060121,0.034099,184176.28,0.208418,0.848886,0.786185,0.672336,0
R22,24,73.42167,0.573386,0.076865,0.036074,172127.99,0.60528,1.175955,0.774221,0.64407,0
R22,25,73.65185,0.542568,0.082413,0.045975,173266.47,0.778547,0.56394,0.575091,0.88857,0
R22,26,68.60493,0.540011,0.07719,0.039663,169736.9,0.797066,0.8995,0.551665,0.690953,0
R23,1,63.92079,0.549517,0.078903,0.041825,180429.11,1.049194,0.740942,0.78317,0.49163,0
R23,2,73.63013,0.534639,0.08324,0.047412,158000.5,0.975836,0.938427,0.872791,0.363219,0
R23,3,80.39087,0.569165,0.090315,0.044497,144665.39,1.104569,0.832845,0.904156,0.434211,0
R23,4,71.63017,0.555669,0.083237,0.044168,169611.21,1.130983,0.824533,0.836149,0.669469,0
R23,5,70.87682,0.549437,0.079409,0.040523,147518.33,1.078887,0.83446,0.671344,0.484622,0
R23,6,78.3168,0.551205,0.080901,0.042499,176672.45,0.907451,0.806457,0.735057,0.582066,0
R23,7,71.00563,0.566223,0.079649,0.046074,153295.0,0.735976,0.826176,0.844491,0.25649,0
R23,8,88.17143,0.622367,0.081939,0.04124,136706.07,1.073687,1.019635,0.819771,0.327167,1
R23,9,74.7674,0.608863,0.081142,0.040158,158274.41,0.835217,1.064037,0.937557,0.284338,1
R23,10,82.128,0.574976,0.082937,0.038509,163042.95,0.864283,1.34629,0.86816,0.461369,1
R23,11,76.59315,0.537563,0.084135,0.043763,166247.0,0.973967,1.02856,0.773501,0.30693,1
R23,12,77.12116,0.57327,0.08565,0.045396,170778.66,0.895344,1.078742,0.778321,0.187183,1
R23,13,71.88527,0.567836,0.061996,0.034261,145751.5,0.663446,1.122376,0.902069,0.613846,0
R23,14,80.79282,0.583286,0.081875,0.043408,173555.07,0.966317,1.288099,0.828115,0.230838,0
R23,15,70.87709,0.598408,0.079414,0.039423,181549.05,0.880421,0.750813,0.809051,0.717199,0
R23,16,70.91925,0.604059,0.08446,0.042061,159144.04,0.954133,0.920536,0.634324,0.320872,0
R23,17,78.42416,0.575082,0.084152,0.045021,167925.53,1.139495,0.46872,0.772241,0.376767,0
R23,18,74.81017,0.564378,0.082676,0.046597,175436.08,1.017878,1.241108,0.818555,0.635825,0
R23,19,69.97941,0.529248,0.084515,0.048293,168788.32,0.955943,0.746246,0.847696,0.374447,0
R23,20,61.21291,0.447441,0.068193,0.036542,192786.53,0.441489,0.858813,0.684101,0.731627,0
R23,21,69.97324,0.566887,0.072749,0.043371,176261.09,0.416988,0.93355,0.800199,0.726599,0
R23,22,57.17622,0.491444,0.060675,0.039308,166905.39,0.310693,0.452144,0.895553,0.720668,0
R23,23,72.77296,0.54997,0.076747,0.042178,171642.41,0.395637,1.143184,0.809349,0.788591,0
R23,24,72.00953,0.546228,0.071939,0.042183,146714.7,0.49302,1.110612,0.814671,0.540128,0
R23,25,72.75459,0.535417,0.068358,0.035808,157253.49,0.612167,0.757514,0.67262,0.519483,0
R23,26,69.15996,0.569804,0.085467,0.044513,177052.11,0.729496,0.806142,0.847946,0.452822,0
R24,1,73.60881,0.547101,0.080606,0.043537,188526.92,1.3021,0.834711,0.647931,0.576623,0
R24,2,79.61861,0.565701,0.078888,0.041945,175283.15,1.365266,1.016417,0.733209,0.333014,0
R24,3,83.79657,0.626772,0.087388,0.043042,157185.26,1.562616,1.201299,0.752579,0.44525,0
R24,4,86.6264,0.647873,0.095369,0.048815,181247.06,1.436964,0.911199,0.762053,0.489382,0
R24,5,83.91048,0.560654,0.085371,0.040313,179619.69,1.411694,1.044688,0.791296,0.435517,0
R24,6,81.69008,0.6047,0.086952,0.048411,168604.35,1.221989,1.028906,0.727593,0.533768,0
R24,7,73.31415,0.543838,0.083161,0.03957,142103.55,1.018528,0.977456,0.85098,0.411862,0
R24,8,83.25401,0.652846,0.075518,0.044136,175131.48,0.978465,1.372892,0.687518,0.538857,1
R24,9,79.50375,0.603933,0.079419,0.036687,174777.82,1.040124,1.197605,0.749975,0.471672,1
R24,10,71.98835,0.560014,0.071967,0.037163,169091.34,0.725397,0.945738,0.891934,0.431983,1
R24,11,88.26734,0.587535,0.094563,0.051119,187935.11,1.154575,1.344623,0.660075,0.601852,1
R24,12,77.20575,0.554899,0.074809,0.047205,172501.51,1.087446,1.087812,0.776323,0.474096,1
R24,13,81.27598,0.563247,0.090393,0.051734,189181.78,1.236375,0.61342,0.806335,0.365349,0
R24,14,75.67121,0.547521,0.086958,0.042543,131063.37,1.182521,0.971388,0.74691,0.407401,0
R24,15,81.0111,0.583124,0.092753,0.046803,162732.62,1.375967,0.65787,0.78518,0.514748,0
R24,16,83.91548,0.600413,0.091936,0.045593,157931.36,1.435744,0.871344,0.684502,0.390551,0
R24,17,76.12302,0.562532,0.082006,0.043748,188051.71,1.17148,0.856067,0.644952,0.633631,0
R24,18,88.11807,0.647353,0.101836,0.048892,192556.05,1.582062,1.011277,0.742883,0.613274,0
R24,19,77.28406,0.541237,0.092594,0.050994,171069.46,1.289044,1.130061,0.623488,0.742877,0
R24,20,81.58956,0.613511,0.080194,0.043112,144798.33,1.114929,1.097196,0.895266,0.524599,0
R24,21,70.65471,0.5344,0.074118,0.045476,162944.53,0.683355,0.920868,0.735101,0.636929,0
R24,22,67.22707,0.548566,0.074045,0.040059,150917.41,0.593511,1.225776,0.812258,0.595465,0
R24,23,60.58374,0.520987,0.079193,0.047453,181502.19,0.727349,0.679024,0.786368,0.794049,0
R24,24,70.91905,0.539516,0.080331,0.042225,166873.87,0.915689,0.526635,0.600525,0.970592,0
R24,25,71.72342,0.554731,0.076898,0.042629,171976.0,0.861864,0.598849,0.710969,0.690095,0
R24,26,87.52416,0.636972,0.078409,0.04246,155353.92,1.205873,0.895939,0.625613,0.589064,0
